application_id,seeker_id,job_id,application_date
301,235,131,2024-07-07
302,274,132,2024-10-12
303,239,142,2024-07-08
304,249,180,2024-05-13
305,276,141,2024-08-16
306,243,123,2024-06-04
307,259,140,2024-10-23
308,239,178,2024-06-25
309,295,158,2024-09-01
310,234,123,2024-10-06
311,274,155,2024-06-06
312,219,179,2024-10-17
313,258,144,2024-07-19
314,256,189,2024-08-28
315,255,190,2024-07-03
316,278,195,2024-09-23
317,292,135,2024-09-21
318,261,196,2024-10-10
319,209,144,2024-08-06
320,250,120,2024-05-19
321,219,123,2024-10-09
322,275,165,2024-05-23
323,299,164,2024-08-15
324,299,110,2024-10-22
325,248,174,2024-10-31
326,293,187,2024-05-14
327,275,111,2024-05-19
328,241,147,2024-06-19
329,290,156,2024-06-01
330,299,181,2024-05-14
331,229,173,2024-07-04
332,263,140,2024-05-09
333,231,123,2024-10-01
334,232,106,2024-10-17
335,246,105,2024-08-02
336,273,119,2024-07-10
337,251,115,2024-10-21
338,274,154,2024-06-07
339,287,186,2024-10-09
340,205,159,2024-06-04
341,282,145,2024-10-22
342,235,159,2024-09-11
343,210,138,2024-08-04
344,247,147,2024-07-18
345,245,137,2024-08-13
346,297,183,2024-07-20
347,243,103,2024-10-28
348,249,102,2024-08-17
349,208,162,2024-08-12
350,264,151,2024-05-13
351,298,104,2024-08-26
352,236,101,2024-05-24
353,269,111,2024-09-15
354,299,154,2024-10-08
355,209,105,2024-10-10
356,210,192,2024-08-15
357,298,175,2024-10-01
358,270,182,2024-08-31
359,268,125,2024-05-21
360,226,109,2024-09-29
361,229,160,2024-07-28
362,202,198,2024-10-29
363,283,195,2024-09-30
364,269,197,2024-06-16
365,263,123,2024-07-02
366,279,108,2024-08-18
367,300,162,2024-10-28
368,213,102,2024-08-31
369,236,174,2024-07-27
370,266,163,2024-10-14
371,250,112,2024-08-08
372,293,158,2024-10-18
373,250,181,2024-10-07
374,203,109,2024-07-21
375,207,172,2024-09-01
376,210,112,2024-08-28
377,266,124,2024-06-21
378,291,140,2024-10-19
379,223,154,2024-10-21
380,222,127,2024-10-08
381,273,107,2024-05-10
382,201,168,2024-09-11
383,232,123,2024-10-25
384,239,169,2024-05-07
385,221,152,2024-09-27
386,253,132,2024-06-11
387,297,102,2024-07-04
388,207,137,2024-08-13
389,218,188,2024-08-25
390,233,138,2024-06-25
391,262,194,2024-07-10
392,225,108,2024-05-19
393,236,127,2024-08-10
394,236,132,2024-10-20
395,240,163,2024-06-26
396,282,133,2024-10-14
397,240,145,2024-07-04
398,207,190,2024-10-04
399,228,163,2024-07-25
400,252,103,2024-07-20
401,236,198,2024-10-11
402,296,102,2024-07-20
403,208,188,2024-05-19
404,219,147,2024-06-07
405,214,184,2024-09-08
406,242,113,2024-05-31
407,244,195,2024-06-22
408,226,176,2024-07-01
409,202,133,2024-09-25
410,261,128,2024-10-15
411,203,188,2024-07-10
412,217,108,2024-05-17
413,204,115,2024-05-13
414,252,126,2024-08-08
415,280,147,2024-07-27
416,256,104,2024-06-03
417,281,185,2024-08-10
418,238,190,2024-10-26
419,215,174,2024-10-21
420,247,199,2024-08-31
421,260,193,2024-09-23
422,292,104,2024-05-22
423,253,114,2024-09-14
424,250,130,2024-09-19
425,223,104,2024-06-05
426,250,178,2024-10-11
427,298,153,2024-07-14
428,293,189,2024-07-25
429,253,159,2024-05-13
430,275,112,2024-09-02
431,233,118,2024-08-05
432,211,160,2024-07-21
433,258,128,2024-08-04
434,285,198,2024-05-16
435,298,104,2024-05-26
436,238,135,2024-08-06
437,225,145,2024-10-05
438,240,200,2024-06-05
439,238,170,2024-05-10
440,211,113,2024-05-13
441,292,124,2024-08-31
442,300,176,2024-09-03
443,207,112,2024-06-01
444,295,182,2024-09-06
445,264,113,2024-07-08
446,237,180,2024-05-27
447,205,198,2024-09-19
448,214,164,2024-08-21
449,224,121,2024-09-10
450,255,110,2024-07-13
451,291,106,2024-06-13
452,264,190,2024-07-20
453,259,103,2024-10-06
454,276,166,2024-10-04
455,286,137,2024-10-04
456,228,108,2024-08-10
457,211,153,2024-05-28
458,235,123,2024-10-25
459,239,196,2024-05-18
460,266,125,2024-09-02
461,208,122,2024-09-20
462,280,135,2024-08-05
463,259,126,2024-09-03
464,264,144,2024-09-06
465,281,105,2024-07-11
466,255,176,2024-09-10
467,230,189,2024-05-31
468,221,141,2024-09-16
469,213,167,2024-09-22
470,248,107,2024-09-04
471,214,170,2024-07-03
472,262,182,2024-10-07
473,210,127,2024-10-18
474,221,126,2024-05-31
475,263,153,2024-10-31
476,255,120,2024-07-21
477,214,176,2024-10-09
478,282,146,2024-07-03
479,296,199,2024-11-01
480,236,115,2024-09-28
481,281,150,2024-10-23
482,219,139,2024-09-16
483,281,109,2024-10-11
484,266,168,2024-05-30
485,294,108,2024-08-15
486,266,157,2024-10-21
487,297,157,2024-10-06
488,271,135,2024-06-12
489,267,127,2024-05-14
490,206,101,2024-10-05
491,220,131,2024-07-22
492,292,133,2024-08-01
493,283,119,2024-07-18
494,297,108,2024-09-30
495,295,189,2024-06-12
496,205,196,2024-08-03
497,212,200,2024-07-15
498,265,131,2024-10-07
499,259,198,2024-09-06
500,252,141,2024-05-21
501,246,176,2024-05-15
502,279,185,2024-10-29
503,297,103,2024-05-14
504,229,192,2024-08-09
505,265,163,2024-06-25
506,208,148,2024-10-28
507,291,188,2024-05-12
508,269,117,2024-08-15
509,217,121,2024-09-13
510,227,189,2024-08-25
511,205,121,2024-08-26
512,228,154,2024-10-24
513,280,168,2024-06-17
514,286,186,2024-06-20
515,211,184,2024-05-25
516,227,114,2024-10-04
517,298,172,2024-10-13
518,252,160,2024-10-25
519,222,133,2024-10-26
520,278,173,2024-09-05
521,255,163,2024-10-05
522,270,173,2024-08-12
523,260,125,2024-09-19
524,210,123,2024-08-16
525,244,186,2024-07-27
526,236,186,2024-08-13
527,278,142,2024-07-05
528,228,198,2024-05-29
529,238,181,2024-06-04
530,211,197,2024-07-28
531,237,175,2024-10-27
532,263,170,2024-08-24
533,235,105,2024-07-27
534,244,109,2024-11-02
535,213,131,2024-05-23
536,208,191,2024-05-27
537,298,178,2024-07-26
538,264,180,2024-05-19
539,258,174,2024-05-26
540,284,184,2024-07-26
541,219,181,2024-10-04
542,211,145,2024-06-06
543,261,193,2024-09-26
544,244,150,2024-05-12
545,259,180,2024-10-07
546,270,104,2024-08-01
547,280,195,2024-07-29
548,250,124,2024-09-17
549,278,146,2024-07-26
550,202,137,2024-05-12
551,226,151,2024-08-11
552,285,119,2024-11-01
553,235,190,2024-10-21
554,208,126,2024-07-09
555,300,187,2024-09-24
556,218,131,2024-06-25
557,256,108,2024-05-22
558,207,103,2024-07-14
559,259,165,2024-05-20
560,263,187,2024-05-30
561,257,155,2024-07-15
562,293,175,2024-09-18
563,247,101,2024-05-12
564,232,118,2024-07-13
565,253,121,2024-07-13
566,291,123,2024-06-10
567,279,134,2024-05-08
568,270,194,2024-10-15
569,234,120,2024-06-20
570,204,190,2024-10-13
571,258,144,2024-07-17
572,208,196,2024-05-20
573,242,131,2024-08-30
574,232,108,2024-10-27
575,268,162,2024-06-03
576,289,190,2024-06-16
577,264,137,2024-05-07
578,223,139,2024-06-15
579,281,195,2024-09-11
580,216,160,2024-09-14
581,243,123,2024-09-26
582,251,191,2024-10-28
583,262,172,2024-05-30
584,231,126,2024-09-29
585,245,171,2024-05-08
586,241,118,2024-07-02
587,244,135,2024-07-17
588,215,139,2024-09-17
589,229,129,2024-05-11
590,280,167,2024-09-01
591,270,198,2024-06-21
592,240,188,2024-10-20
593,268,187,2024-06-03
594,254,191,2024-06-12
595,264,157,2024-08-03
596,293,139,2024-05-28
597,213,156,2024-08-07
598,292,113,2024-07-12
599,202,190,2024-09-21
600,251,196,2024-06-26
601,278,125,2024-06-01
602,295,120,2024-05-12
603,212,196,2024-06-16
604,280,150,2024-07-16
605,261,113,2024-07-11
606,226,187,2024-08-06
607,224,198,2024-07-02
608,290,111,2024-07-03
609,247,130,2024-10-24
610,254,191,2024-08-22
611,229,107,2024-09-07
612,284,108,2024-07-09
613,267,126,2024-06-11
614,251,112,2024-08-30
615,277,182,2024-05-22
616,255,180,2024-05-26
617,294,130,2024-08-18
618,291,112,2024-08-27
619,202,183,2024-07-05
620,204,175,2024-06-06
621,201,122,2024-07-19
622,268,143,2024-10-28
623,262,169,2024-06-04
624,277,128,2024-05-31
625,237,144,2024-10-10
626,264,134,2024-06-19
627,264,200,2024-07-07
628,294,175,2024-08-13
629,251,168,2024-06-23
630,272,117,2024-06-21
631,299,134,2024-09-30
632,210,180,2024-06-11
633,272,145,2024-07-02
634,267,193,2024-07-18
635,275,103,2024-07-27
636,263,139,2024-09-12
637,247,160,2024-05-15
638,270,158,2024-10-21
639,276,188,2024-06-01
640,237,165,2024-08-31
641,296,118,2024-05-10
642,297,137,2024-07-22
643,217,158,2024-05-22
644,266,173,2024-09-20
645,241,117,2024-05-21
646,257,148,2024-06-01
647,211,122,2024-07-27
648,225,184,2024-07-04
649,218,124,2024-08-21
650,266,184,2024-07-26
651,204,139,2024-09-27
652,250,162,2024-11-02
653,285,190,2024-06-03
654,241,133,2024-08-29
655,294,106,2024-07-27
656,228,193,2024-07-03
657,211,158,2024-09-07
658,291,165,2024-07-14
659,235,165,2024-05-23
660,235,115,2024-06-24
661,242,163,2024-08-01
662,218,197,2024-09-06
663,294,148,2024-07-17
664,215,142,2024-09-07
665,254,200,2024-08-17
666,289,182,2024-05-18
667,265,131,2024-07-19
668,238,149,2024-07-25
669,249,143,2024-05-08
670,209,196,2024-07-27
671,241,116,2024-09-25
672,259,112,2024-10-29
673,201,157,2024-07-08
674,258,162,2024-07-31
675,281,145,2024-06-15
676,273,109,2024-07-18
677,223,105,2024-07-02
678,254,137,2024-08-06
679,211,122,2024-05-24
680,223,181,2024-06-12
681,252,114,2024-10-08
682,234,125,2024-05-28
683,286,107,2024-06-29
684,258,170,2024-05-28
685,263,115,2024-08-23
686,289,153,2024-09-01
687,244,143,2024-09-17
688,285,145,2024-06-05
689,233,116,2024-10-08
690,223,160,2024-09-20
691,247,136,2024-08-01
692,240,120,2024-07-23
693,270,101,2024-06-11
694,224,152,2024-10-03
695,233,112,2024-07-27
696,238,108,2024-07-29
697,215,190,2024-06-09
698,240,184,2024-06-24
699,237,123,2024-08-03
700,288,191,2024-07-12
701,247,159,2024-08-16
702,248,118,2024-06-03
703,238,192,2024-07-15
704,230,191,2024-08-04
705,278,129,2024-09-06
706,204,118,2024-09-07
707,292,140,2024-05-23
708,294,158,2024-08-08
709,300,181,2024-09-30
710,227,134,2024-06-15
711,218,126,2024-07-03
712,207,158,2024-05-07
713,278,144,2024-10-15
714,292,119,2024-09-19
715,202,192,2024-08-02
716,279,181,2024-09-04
717,204,153,2024-08-04
718,201,119,2024-05-08
719,264,118,2024-06-18
720,236,196,2024-07-03
721,274,140,2024-05-29
722,258,158,2024-10-03
723,229,138,2024-09-06
724,269,170,2024-07-04
725,248,128,2024-08-20
726,240,127,2024-09-02
727,299,172,2024-06-06
728,262,101,2024-07-28
729,224,163,2024-09-21
730,243,144,2024-09-29
731,245,178,2024-08-06
732,247,186,2024-05-24
733,215,179,2024-09-15
734,230,161,2024-08-11
735,289,134,2024-10-01
736,257,163,2024-06-21
737,220,168,2024-08-20
738,254,152,2024-10-01
739,283,133,2024-07-24
740,215,189,2024-06-30
741,267,152,2024-09-06
742,208,193,2024-05-11
743,208,180,2024-05-30
744,222,155,2024-06-28
745,215,197,2024-10-25
746,230,104,2024-09-13
747,297,134,2024-05-14
748,218,183,2024-05-07
749,251,186,2024-06-25
750,258,166,2024-07-23
751,247,130,2024-08-17
752,226,123,2024-10-26
753,235,165,2024-08-27
754,234,189,2024-09-21
755,247,128,2024-07-22
756,222,167,2024-08-01
757,283,145,2024-05-26
758,297,167,2024-09-28
759,216,185,2024-06-25
760,256,142,2024-07-14
761,244,192,2024-07-01
762,284,111,2024-10-23
763,266,103,2024-09-30
764,297,106,2024-09-14
765,240,103,2024-10-30
766,281,160,2024-06-14
767,240,159,2024-08-30
768,224,135,2024-05-23
769,281,114,2024-05-13
770,259,165,2024-05-20
771,271,111,2024-10-07
772,210,171,2024-06-26
773,220,196,2024-07-05
774,281,123,2024-08-18
775,279,147,2024-07-12
776,298,197,2024-05-29
777,242,158,2024-08-17
778,252,187,2024-10-20
779,282,116,2024-06-24
780,225,164,2024-10-26
781,274,112,2024-11-01
782,230,101,2024-10-01
783,208,178,2024-06-07
784,217,196,2024-05-20
785,269,163,2024-07-26
786,202,160,2024-10-21
787,202,154,2024-07-02
788,219,137,2024-06-30
789,291,154,2024-08-15
790,209,180,2024-06-02
791,247,105,2024-08-26
792,228,147,2024-08-16
793,275,164,2024-09-05
794,299,159,2024-06-16
795,256,168,2024-08-18
796,236,154,2024-05-27
797,230,145,2024-07-25
798,277,123,2024-09-07
799,276,114,2024-08-20
800,216,149,2024-07-24
